url_crawl,Mėn.,Nusikaltimai 500 m spinduliu,periodas
https://www.aruodas.lt/butai-vilniuje-paupyje-aukstaiciu-g-parduodamas-5-kambariu-butas-su-erdvia-terasa-1-3256794/,spalis,4.0,2020 spalis - 2022 rugsėjis
https://www.aruodas.lt/butai-vilniuje-paupyje-aukstaiciu-g-parduodamas-5-kambariu-butas-su-erdvia-terasa-1-3256794/,lapkritis,10.0,2020 spalis - 2022 rugsėjis
https://www.aruodas.lt/butai-vilniuje-paupyje-aukstaiciu-g-parduodamas-5-kambariu-butas-su-erdvia-terasa-1-3256794/,gruodis,8.0,2020 spalis - 2022 rugsėjis
https://www.aruodas.lt/butai-vilniuje-paupyje-aukstaiciu-g-parduodamas-5-kambariu-butas-su-erdvia-terasa-1-3256794/,sausis,5.0,2020 spalis - 2022 rugsėjis
https://www.aruodas.lt/butai-vilniuje-paupyje-aukstaiciu-g-parduodamas-5-kambariu-butas-su-erdvia-terasa-1-3256794/,vasaris,6.0,2020 spalis - 2022 rugsėjis
https://www.aruodas.lt/butai-vilniuje-paupyje-aukstaiciu-g-parduodamas-5-kambariu-butas-su-erdvia-terasa-1-3256794/,kovas,6.0,2020 spalis - 2022 rugsėjis
https://www.aruodas.lt/butai-vilniuje-paupyje-aukstaiciu-g-parduodamas-5-kambariu-butas-su-erdvia-terasa-1-3256794/,balandis,5.0,2020 spalis - 2022 rugsėjis
https://www.aruodas.lt/butai-vilniuje-paupyje-aukstaiciu-g-parduodamas-5-kambariu-butas-su-erdvia-terasa-1-3256794/,gegužė,4.0,2020 spalis - 2022 rugsėjis
https://www.aruodas.lt/butai-vilniuje-paupyje-aukstaiciu-g-parduodamas-5-kambariu-butas-su-erdvia-terasa-1-3256794/,birželis,12.0,2020 spalis - 2022 rugsėjis
https://www.aruodas.lt/butai-vilniuje-paupyje-aukstaiciu-g-parduodamas-5-kambariu-butas-su-erdvia-terasa-1-3256794/,liepa,3.0,2020 spalis - 2022 rugsėjis
https://www.aruodas.lt/butai-vilniuje-paupyje-aukstaiciu-g-parduodamas-5-kambariu-butas-su-erdvia-terasa-1-3256794/,rugpjūtis,14.0,2020 spalis - 2022 rugsėjis
https://www.aruodas.lt/butai-vilniuje-paupyje-aukstaiciu-g-parduodamas-5-kambariu-butas-su-erdvia-terasa-1-3256794/,rugsėjis,5.0,2020 spalis - 2022 rugsėjis
https://www.aruodas.lt/butai-vilniuje-paupyje-aukstaiciu-g-parduodamas-5-kambariu-butas-su-erdvia-terasa-1-3256794/,spalis,10.0,2020 spalis - 2022 rugsėjis
https://www.aruodas.lt/butai-vilniuje-paupyje-aukstaiciu-g-parduodamas-5-kambariu-butas-su-erdvia-terasa-1-3256794/,lapkritis,9.0,2020 spalis - 2022 rugsėjis
https://www.aruodas.lt/butai-vilniuje-paupyje-aukstaiciu-g-parduodamas-5-kambariu-butas-su-erdvia-terasa-1-3256794/,gruodis,9.0,2020 spalis - 2022 rugsėjis
https://www.aruodas.lt/butai-vilniuje-paupyje-aukstaiciu-g-parduodamas-5-kambariu-butas-su-erdvia-terasa-1-3256794/,sausis,7.0,2020 spalis - 2022 rugsėjis
https://www.aruodas.lt/butai-vilniuje-paupyje-aukstaiciu-g-parduodamas-5-kambariu-butas-su-erdvia-terasa-1-3256794/,vasaris,1.0,2020 spalis - 2022 rugsėjis
https://www.aruodas.lt/butai-vilniuje-paupyje-aukstaiciu-g-parduodamas-5-kambariu-butas-su-erdvia-terasa-1-3256794/,kovas,3.0,2020 spalis - 2022 rugsėjis
https://www.aruodas.lt/butai-vilniuje-paupyje-aukstaiciu-g-parduodamas-5-kambariu-butas-su-erdvia-terasa-1-3256794/,balandis,10.0,2020 spalis - 2022 rugsėjis
https://www.aruodas.lt/butai-vilniuje-paupyje-aukstaiciu-g-parduodamas-5-kambariu-butas-su-erdvia-terasa-1-3256794/,gegužė,8.0,2020 spalis - 2022 rugsėjis
https://www.aruodas.lt/butai-vilniuje-paupyje-aukstaiciu-g-parduodamas-5-kambariu-butas-su-erdvia-terasa-1-3256794/,birželis,5.0,2020 spalis - 2022 rugsėjis
https://www.aruodas.lt/butai-vilniuje-paupyje-aukstaiciu-g-parduodamas-5-kambariu-butas-su-erdvia-terasa-1-3256794/,liepa,5.0,2020 spalis - 2022 rugsėjis
https://www.aruodas.lt/butai-vilniuje-paupyje-aukstaiciu-g-parduodamas-5-kambariu-butas-su-erdvia-terasa-1-3256794/,rugpjūtis,6.0,2020 spalis - 2022 rugsėjis
https://www.aruodas.lt/butai-vilniuje-paupyje-aukstaiciu-g-parduodamas-5-kambariu-butas-su-erdvia-terasa-1-3256794/,rugsėjis,4.0,2020 spalis - 2022 rugsėjis
https://www.aruodas.lt/butai-vilniuje-senamiestyje-siauliu-g-unikali-galimybe-gyventi-pacioje-senamiescio-1-3236508/,spalis,30.0,2020 spalis - 2022 rugsėjis
https://www.aruodas.lt/butai-vilniuje-senamiestyje-siauliu-g-unikali-galimybe-gyventi-pacioje-senamiescio-1-3236508/,lapkritis,13.0,2020 spalis - 2022 rugsėjis
https://www.aruodas.lt/butai-vilniuje-senamiestyje-siauliu-g-unikali-galimybe-gyventi-pacioje-senamiescio-1-3236508/,gruodis,19.0,2020 spalis - 2022 rugsėjis
https://www.aruodas.lt/butai-vilniuje-senamiestyje-siauliu-g-unikali-galimybe-gyventi-pacioje-senamiescio-1-3236508/,sausis,14.0,2020 spalis - 2022 rugsėjis
https://www.aruodas.lt/butai-vilniuje-senamiestyje-siauliu-g-unikali-galimybe-gyventi-pacioje-senamiescio-1-3236508/,vasaris,18.0,2020 spalis - 2022 rugsėjis
https://www.aruodas.lt/butai-vilniuje-senamiestyje-siauliu-g-unikali-galimybe-gyventi-pacioje-senamiescio-1-3236508/,kovas,13.0,2020 spalis - 2022 rugsėjis
https://www.aruodas.lt/butai-vilniuje-senamiestyje-siauliu-g-unikali-galimybe-gyventi-pacioje-senamiescio-1-3236508/,balandis,13.0,2020 spalis - 2022 rugsėjis
https://www.aruodas.lt/butai-vilniuje-senamiestyje-siauliu-g-unikali-galimybe-gyventi-pacioje-senamiescio-1-3236508/,gegužė,9.0,2020 spalis - 2022 rugsėjis
https://www.aruodas.lt/butai-vilniuje-senamiestyje-siauliu-g-unikali-galimybe-gyventi-pacioje-senamiescio-1-3236508/,birželis,25.0,2020 spalis - 2022 rugsėjis
https://www.aruodas.lt/butai-vilniuje-senamiestyje-siauliu-g-unikali-galimybe-gyventi-pacioje-senamiescio-1-3236508/,liepa,37.0,2020 spalis - 2022 rugsėjis
https://www.aruodas.lt/butai-vilniuje-senamiestyje-siauliu-g-unikali-galimybe-gyventi-pacioje-senamiescio-1-3236508/,rugpjūtis,34.0,2020 spalis - 2022 rugsėjis
https://www.aruodas.lt/butai-vilniuje-senamiestyje-siauliu-g-unikali-galimybe-gyventi-pacioje-senamiescio-1-3236508/,rugsėjis,30.0,2020 spalis - 2022 rugsėjis
https://www.aruodas.lt/butai-vilniuje-senamiestyje-siauliu-g-unikali-galimybe-gyventi-pacioje-senamiescio-1-3236508/,spalis,41.0,2020 spalis - 2022 rugsėjis
https://www.aruodas.lt/butai-vilniuje-senamiestyje-siauliu-g-unikali-galimybe-gyventi-pacioje-senamiescio-1-3236508/,lapkritis,28.0,2020 spalis - 2022 rugsėjis
https://www.aruodas.lt/butai-vilniuje-senamiestyje-siauliu-g-unikali-galimybe-gyventi-pacioje-senamiescio-1-3236508/,gruodis,20.0,2020 spalis - 2022 rugsėjis
https://www.aruodas.lt/butai-vilniuje-senamiestyje-siauliu-g-unikali-galimybe-gyventi-pacioje-senamiescio-1-3236508/,sausis,33.0,2020 spalis - 2022 rugsėjis
https://www.aruodas.lt/butai-vilniuje-senamiestyje-siauliu-g-unikali-galimybe-gyventi-pacioje-senamiescio-1-3236508/,vasaris,28.0,2020 spalis - 2022 rugsėjis
https://www.aruodas.lt/butai-vilniuje-senamiestyje-siauliu-g-unikali-galimybe-gyventi-pacioje-senamiescio-1-3236508/,kovas,23.0,2020 spalis - 2022 rugsėjis
https://www.aruodas.lt/butai-vilniuje-senamiestyje-siauliu-g-unikali-galimybe-gyventi-pacioje-senamiescio-1-3236508/,balandis,17.0,2020 spalis - 2022 rugsėjis
https://www.aruodas.lt/butai-vilniuje-senamiestyje-siauliu-g-unikali-galimybe-gyventi-pacioje-senamiescio-1-3236508/,gegužė,20.0,2020 spalis - 2022 rugsėjis
https://www.aruodas.lt/butai-vilniuje-senamiestyje-siauliu-g-unikali-galimybe-gyventi-pacioje-senamiescio-1-3236508/,birželis,45.0,2020 spalis - 2022 rugsėjis
https://www.aruodas.lt/butai-vilniuje-senamiestyje-siauliu-g-unikali-galimybe-gyventi-pacioje-senamiescio-1-3236508/,liepa,28.0,2020 spalis - 2022 rugsėjis
https://www.aruodas.lt/butai-vilniuje-senamiestyje-siauliu-g-unikali-galimybe-gyventi-pacioje-senamiescio-1-3236508/,rugpjūtis,24.0,2020 spalis - 2022 rugsėjis
https://www.aruodas.lt/butai-vilniuje-senamiestyje-siauliu-g-unikali-galimybe-gyventi-pacioje-senamiescio-1-3236508/,rugsėjis,17.0,2020 spalis - 2022 rugsėjis
https://www.aruodas.lt/butai-vilniuje-snipiskese-lvivo-g-tarpininku-paslaugos-nedomina-rimtai-aciu-1-3246223/,spalis,14.0,2020 spalis - 2022 rugsėjis
https://www.aruodas.lt/butai-vilniuje-snipiskese-lvivo-g-tarpininku-paslaugos-nedomina-rimtai-aciu-1-3246223/,lapkritis,11.0,2020 spalis - 2022 rugsėjis
https://www.aruodas.lt/butai-vilniuje-snipiskese-lvivo-g-tarpininku-paslaugos-nedomina-rimtai-aciu-1-3246223/,gruodis,9.0,2020 spalis - 2022 rugsėjis
https://www.aruodas.lt/butai-vilniuje-snipiskese-lvivo-g-tarpininku-paslaugos-nedomina-rimtai-aciu-1-3246223/,sausis,7.0,2020 spalis - 2022 rugsėjis
https://www.aruodas.lt/butai-vilniuje-snipiskese-lvivo-g-tarpininku-paslaugos-nedomina-rimtai-aciu-1-3246223/,vasaris,4.0,2020 spalis - 2022 rugsėjis
https://www.aruodas.lt/butai-vilniuje-snipiskese-lvivo-g-tarpininku-paslaugos-nedomina-rimtai-aciu-1-3246223/,kovas,15.0,2020 spalis - 2022 rugsėjis
https://www.aruodas.lt/butai-vilniuje-snipiskese-lvivo-g-tarpininku-paslaugos-nedomina-rimtai-aciu-1-3246223/,balandis,25.0,2020 spalis - 2022 rugsėjis
https://www.aruodas.lt/butai-vilniuje-snipiskese-lvivo-g-tarpininku-paslaugos-nedomina-rimtai-aciu-1-3246223/,gegužė,27.0,2020 spalis - 2022 rugsėjis
https://www.aruodas.lt/butai-vilniuje-snipiskese-lvivo-g-tarpininku-paslaugos-nedomina-rimtai-aciu-1-3246223/,birželis,7.0,2020 spalis - 2022 rugsėjis
https://www.aruodas.lt/butai-vilniuje-snipiskese-lvivo-g-tarpininku-paslaugos-nedomina-rimtai-aciu-1-3246223/,liepa,24.0,2020 spalis - 2022 rugsėjis
https://www.aruodas.lt/butai-vilniuje-snipiskese-lvivo-g-tarpininku-paslaugos-nedomina-rimtai-aciu-1-3246223/,rugpjūtis,49.0,2020 spalis - 2022 rugsėjis
https://www.aruodas.lt/butai-vilniuje-snipiskese-lvivo-g-tarpininku-paslaugos-nedomina-rimtai-aciu-1-3246223/,rugsėjis,21.0,2020 spalis - 2022 rugsėjis
https://www.aruodas.lt/butai-vilniuje-snipiskese-lvivo-g-tarpininku-paslaugos-nedomina-rimtai-aciu-1-3246223/,spalis,35.0,2020 spalis - 2022 rugsėjis
https://www.aruodas.lt/butai-vilniuje-snipiskese-lvivo-g-tarpininku-paslaugos-nedomina-rimtai-aciu-1-3246223/,lapkritis,14.0,2020 spalis - 2022 rugsėjis
https://www.aruodas.lt/butai-vilniuje-snipiskese-lvivo-g-tarpininku-paslaugos-nedomina-rimtai-aciu-1-3246223/,gruodis,5.0,2020 spalis - 2022 rugsėjis
https://www.aruodas.lt/butai-vilniuje-snipiskese-lvivo-g-tarpininku-paslaugos-nedomina-rimtai-aciu-1-3246223/,sausis,23.0,2020 spalis - 2022 rugsėjis
https://www.aruodas.lt/butai-vilniuje-snipiskese-lvivo-g-tarpininku-paslaugos-nedomina-rimtai-aciu-1-3246223/,vasaris,9.0,2020 spalis - 2022 rugsėjis
https://www.aruodas.lt/butai-vilniuje-snipiskese-lvivo-g-tarpininku-paslaugos-nedomina-rimtai-aciu-1-3246223/,kovas,26.0,2020 spalis - 2022 rugsėjis
https://www.aruodas.lt/butai-vilniuje-snipiskese-lvivo-g-tarpininku-paslaugos-nedomina-rimtai-aciu-1-3246223/,balandis,24.0,2020 spalis - 2022 rugsėjis
https://www.aruodas.lt/butai-vilniuje-snipiskese-lvivo-g-tarpininku-paslaugos-nedomina-rimtai-aciu-1-3246223/,gegužė,22.0,2020 spalis - 2022 rugsėjis
https://www.aruodas.lt/butai-vilniuje-snipiskese-lvivo-g-tarpininku-paslaugos-nedomina-rimtai-aciu-1-3246223/,birželis,18.0,2020 spalis - 2022 rugsėjis
https://www.aruodas.lt/butai-vilniuje-snipiskese-lvivo-g-tarpininku-paslaugos-nedomina-rimtai-aciu-1-3246223/,liepa,22.0,2020 spalis - 2022 rugsėjis
https://www.aruodas.lt/butai-vilniuje-snipiskese-lvivo-g-tarpininku-paslaugos-nedomina-rimtai-aciu-1-3246223/,rugpjūtis,20.0,2020 spalis - 2022 rugsėjis
https://www.aruodas.lt/butai-vilniuje-snipiskese-lvivo-g-tarpininku-paslaugos-nedomina-rimtai-aciu-1-3246223/,rugsėjis,11.0,2020 spalis - 2022 rugsėjis
https://www.aruodas.lt/butai-vilniuje-senamiestyje-saltiniu-g-erdvus-namai-ant-senamiescio-kalvos-kvartale-1-3251923/,spalis,33.0,2020 spalis - 2022 rugsėjis
https://www.aruodas.lt/butai-vilniuje-senamiestyje-saltiniu-g-erdvus-namai-ant-senamiescio-kalvos-kvartale-1-3251923/,lapkritis,18.0,2020 spalis - 2022 rugsėjis
https://www.aruodas.lt/butai-vilniuje-senamiestyje-saltiniu-g-erdvus-namai-ant-senamiescio-kalvos-kvartale-1-3251923/,gruodis,32.0,2020 spalis - 2022 rugsėjis
https://www.aruodas.lt/butai-vilniuje-senamiestyje-saltiniu-g-erdvus-namai-ant-senamiescio-kalvos-kvartale-1-3251923/,sausis,21.0,2020 spalis - 2022 rugsėjis
https://www.aruodas.lt/butai-vilniuje-senamiestyje-saltiniu-g-erdvus-namai-ant-senamiescio-kalvos-kvartale-1-3251923/,vasaris,26.0,2020 spalis - 2022 rugsėjis
https://www.aruodas.lt/butai-vilniuje-senamiestyje-saltiniu-g-erdvus-namai-ant-senamiescio-kalvos-kvartale-1-3251923/,kovas,20.0,2020 spalis - 2022 rugsėjis
https://www.aruodas.lt/butai-vilniuje-senamiestyje-saltiniu-g-erdvus-namai-ant-senamiescio-kalvos-kvartale-1-3251923/,balandis,28.0,2020 spalis - 2022 rugsėjis
https://www.aruodas.lt/butai-vilniuje-senamiestyje-saltiniu-g-erdvus-namai-ant-senamiescio-kalvos-kvartale-1-3251923/,gegužė,8.0,2020 spalis - 2022 rugsėjis
https://www.aruodas.lt/butai-vilniuje-senamiestyje-saltiniu-g-erdvus-namai-ant-senamiescio-kalvos-kvartale-1-3251923/,birželis,26.0,2020 spalis - 2022 rugsėjis
https://www.aruodas.lt/butai-vilniuje-senamiestyje-saltiniu-g-erdvus-namai-ant-senamiescio-kalvos-kvartale-1-3251923/,liepa,58.0,2020 spalis - 2022 rugsėjis
https://www.aruodas.lt/butai-vilniuje-senamiestyje-saltiniu-g-erdvus-namai-ant-senamiescio-kalvos-kvartale-1-3251923/,rugpjūtis,40.0,2020 spalis - 2022 rugsėjis
https://www.aruodas.lt/butai-vilniuje-senamiestyje-saltiniu-g-erdvus-namai-ant-senamiescio-kalvos-kvartale-1-3251923/,rugsėjis,37.0,2020 spalis - 2022 rugsėjis
https://www.aruodas.lt/butai-vilniuje-senamiestyje-saltiniu-g-erdvus-namai-ant-senamiescio-kalvos-kvartale-1-3251923/,spalis,45.0,2020 spalis - 2022 rugsėjis
https://www.aruodas.lt/butai-vilniuje-senamiestyje-saltiniu-g-erdvus-namai-ant-senamiescio-kalvos-kvartale-1-3251923/,lapkritis,36.0,2020 spalis - 2022 rugsėjis
https://www.aruodas.lt/butai-vilniuje-senamiestyje-saltiniu-g-erdvus-namai-ant-senamiescio-kalvos-kvartale-1-3251923/,gruodis,38.0,2020 spalis - 2022 rugsėjis
https://www.aruodas.lt/butai-vilniuje-senamiestyje-saltiniu-g-erdvus-namai-ant-senamiescio-kalvos-kvartale-1-3251923/,sausis,37.0,2020 spalis - 2022 rugsėjis
https://www.aruodas.lt/butai-vilniuje-senamiestyje-saltiniu-g-erdvus-namai-ant-senamiescio-kalvos-kvartale-1-3251923/,vasaris,33.0,2020 spalis - 2022 rugsėjis
https://www.aruodas.lt/butai-vilniuje-senamiestyje-saltiniu-g-erdvus-namai-ant-senamiescio-kalvos-kvartale-1-3251923/,kovas,46.0,2020 spalis - 2022 rugsėjis
https://www.aruodas.lt/butai-vilniuje-senamiestyje-saltiniu-g-erdvus-namai-ant-senamiescio-kalvos-kvartale-1-3251923/,balandis,29.0,2020 spalis - 2022 rugsėjis
https://www.aruodas.lt/butai-vilniuje-senamiestyje-saltiniu-g-erdvus-namai-ant-senamiescio-kalvos-kvartale-1-3251923/,gegužė,17.0,2020 spalis - 2022 rugsėjis
https://www.aruodas.lt/butai-vilniuje-senamiestyje-saltiniu-g-erdvus-namai-ant-senamiescio-kalvos-kvartale-1-3251923/,birželis,40.0,2020 spalis - 2022 rugsėjis
https://www.aruodas.lt/butai-vilniuje-senamiestyje-saltiniu-g-erdvus-namai-ant-senamiescio-kalvos-kvartale-1-3251923/,liepa,29.0,2020 spalis - 2022 rugsėjis
https://www.aruodas.lt/butai-vilniuje-senamiestyje-saltiniu-g-erdvus-namai-ant-senamiescio-kalvos-kvartale-1-3251923/,rugpjūtis,30.0,2020 spalis - 2022 rugsėjis
https://www.aruodas.lt/butai-vilniuje-senamiestyje-saltiniu-g-erdvus-namai-ant-senamiescio-kalvos-kvartale-1-3251923/,rugsėjis,21.0,2020 spalis - 2022 rugsėjis
https://www.aruodas.lt/butai-vilniuje-senamiestyje-odminiu-g-175-kvm-aukstu-lubu-apartamentai-isikure-1-3245993/,spalis,30.0,2020 spalis - 2022 rugsėjis
https://www.aruodas.lt/butai-vilniuje-senamiestyje-odminiu-g-175-kvm-aukstu-lubu-apartamentai-isikure-1-3245993/,lapkritis,19.0,2020 spalis - 2022 rugsėjis
https://www.aruodas.lt/butai-vilniuje-senamiestyje-odminiu-g-175-kvm-aukstu-lubu-apartamentai-isikure-1-3245993/,gruodis,8.0,2020 spalis - 2022 rugsėjis
https://www.aruodas.lt/butai-vilniuje-senamiestyje-odminiu-g-175-kvm-aukstu-lubu-apartamentai-isikure-1-3245993/,sausis,8.0,2020 spalis - 2022 rugsėjis
https://www.aruodas.lt/butai-vilniuje-senamiestyje-odminiu-g-175-kvm-aukstu-lubu-apartamentai-isikure-1-3245993/,vasaris,10.0,2020 spalis - 2022 rugsėjis
https://www.aruodas.lt/butai-vilniuje-senamiestyje-odminiu-g-175-kvm-aukstu-lubu-apartamentai-isikure-1-3245993/,kovas,12.0,2020 spalis - 2022 rugsėjis
https://www.aruodas.lt/butai-vilniuje-senamiestyje-odminiu-g-175-kvm-aukstu-lubu-apartamentai-isikure-1-3245993/,balandis,13.0,2020 spalis - 2022 rugsėjis
https://www.aruodas.lt/butai-vilniuje-senamiestyje-odminiu-g-175-kvm-aukstu-lubu-apartamentai-isikure-1-3245993/,gegužė,17.0,2020 spalis - 2022 rugsėjis
https://www.aruodas.lt/butai-vilniuje-senamiestyje-odminiu-g-175-kvm-aukstu-lubu-apartamentai-isikure-1-3245993/,birželis,39.0,2020 spalis - 2022 rugsėjis
https://www.aruodas.lt/butai-vilniuje-senamiestyje-odminiu-g-175-kvm-aukstu-lubu-apartamentai-isikure-1-3245993/,liepa,46.0,2020 spalis - 2022 rugsėjis
https://www.aruodas.lt/butai-vilniuje-senamiestyje-odminiu-g-175-kvm-aukstu-lubu-apartamentai-isikure-1-3245993/,rugpjūtis,30.0,2020 spalis - 2022 rugsėjis
https://www.aruodas.lt/butai-vilniuje-senamiestyje-odminiu-g-175-kvm-aukstu-lubu-apartamentai-isikure-1-3245993/,rugsėjis,46.0,2020 spalis - 2022 rugsėjis
https://www.aruodas.lt/butai-vilniuje-senamiestyje-odminiu-g-175-kvm-aukstu-lubu-apartamentai-isikure-1-3245993/,spalis,55.0,2020 spalis - 2022 rugsėjis
https://www.aruodas.lt/butai-vilniuje-senamiestyje-odminiu-g-175-kvm-aukstu-lubu-apartamentai-isikure-1-3245993/,lapkritis,25.0,2020 spalis - 2022 rugsėjis
https://www.aruodas.lt/butai-vilniuje-senamiestyje-odminiu-g-175-kvm-aukstu-lubu-apartamentai-isikure-1-3245993/,gruodis,42.0,2020 spalis - 2022 rugsėjis
https://www.aruodas.lt/butai-vilniuje-senamiestyje-odminiu-g-175-kvm-aukstu-lubu-apartamentai-isikure-1-3245993/,sausis,24.0,2020 spalis - 2022 rugsėjis
https://www.aruodas.lt/butai-vilniuje-senamiestyje-odminiu-g-175-kvm-aukstu-lubu-apartamentai-isikure-1-3245993/,vasaris,42.0,2020 spalis - 2022 rugsėjis
https://www.aruodas.lt/butai-vilniuje-senamiestyje-odminiu-g-175-kvm-aukstu-lubu-apartamentai-isikure-1-3245993/,kovas,35.0,2020 spalis - 2022 rugsėjis
https://www.aruodas.lt/butai-vilniuje-senamiestyje-odminiu-g-175-kvm-aukstu-lubu-apartamentai-isikure-1-3245993/,balandis,25.0,2020 spalis - 2022 rugsėjis
https://www.aruodas.lt/butai-vilniuje-senamiestyje-odminiu-g-175-kvm-aukstu-lubu-apartamentai-isikure-1-3245993/,gegužė,24.0,2020 spalis - 2022 rugsėjis
https://www.aruodas.lt/butai-vilniuje-senamiestyje-odminiu-g-175-kvm-aukstu-lubu-apartamentai-isikure-1-3245993/,birželis,43.0,2020 spalis - 2022 rugsėjis
https://www.aruodas.lt/butai-vilniuje-senamiestyje-odminiu-g-175-kvm-aukstu-lubu-apartamentai-isikure-1-3245993/,liepa,51.0,2020 spalis - 2022 rugsėjis
https://www.aruodas.lt/butai-vilniuje-senamiestyje-odminiu-g-175-kvm-aukstu-lubu-apartamentai-isikure-1-3245993/,rugpjūtis,22.0,2020 spalis - 2022 rugsėjis
https://www.aruodas.lt/butai-vilniuje-senamiestyje-odminiu-g-175-kvm-aukstu-lubu-apartamentai-isikure-1-3245993/,rugsėjis,27.0,2020 spalis - 2022 rugsėjis
